<?xml version="1.0" encoding="UTF-8" ?>
<!DOCTYPE mapper PUBLIC "-//mybatis.org//DTD Mapper 3.0//EN" "http://mybatis.org/dtd/mybatis-3-mapper.dtd" >
<mapper namespace="com.module.user.dao.OrderGoodsMapper" >
  <resultMap id="BaseResultMap" type="com.module.user.model.OrderGoods" >
    <id column="id" property="id" jdbcType="INTEGER" />
    <result column="goods_id" property="goodsId" jdbcType="INTEGER" />
    <result column="goods_desc" property="goodsDesc" jdbcType="VARCHAR" />
    <result column="goods_icon" property="goodsIcon" jdbcType="VARCHAR" />
    <result column="goods_price" property="goodsPrice" jdbcType="VARCHAR" />
    <result column="goods_count" property="goodsCount" jdbcType="INTEGER" />
    <result column="goods_sku" property="goodsSku" jdbcType="VARCHAR" />
    <result column="order_id" property="orderId" jdbcType="INTEGER" />
  </resultMap>
  <sql id="Base_Column_List" >
    id, goods_id, goods_desc, goods_icon, goods_price, goods_count, goods_sku, order_id
  </sql>
  <select id="selectByPrimaryKey" resultMap="BaseResultMap" parameterType="java.lang.Integer" >
    select 
    <include refid="Base_Column_List" />
    from order_goods
    where id = #{id,jdbcType=INTEGER}
  </select>
  <delete id="deleteByPrimaryKey" parameterType="java.lang.Integer" >
    delete from order_goods
    where id = #{id,jdbcType=INTEGER}
  </delete>
  <insert id="insert" parameterType="com.module.user.model.OrderGoods" useGeneratedKeys="true" keyProperty="id">
    insert into order_goods (goods_id, goods_desc,
      goods_icon, goods_price, goods_count, 
      goods_sku, order_id)
    values (#{goodsId,jdbcType=INTEGER}, #{goodsDesc,jdbcType=VARCHAR},
      #{goodsIcon,jdbcType=VARCHAR}, #{goodsPrice,jdbcType=VARCHAR}, #{goodsCount,jdbcType=INTEGER}, 
      #{goodsSku,jdbcType=VARCHAR}, #{orderId,jdbcType=INTEGER})
  </insert>
  <insert id="insertSelective" parameterType="com.module.user.model.OrderGoods" >
    insert into order_goods
    <trim prefix="(" suffix=")" suffixOverrides="," >
      <if test="id != null" >
        id,
      </if>
      <if test="goodsId != null" >
        goods_id,
      </if>
      <if test="goodsDesc != null" >
        goods_desc,
      </if>
      <if test="goodsIcon != null" >
        goods_icon,
      </if>
      <if test="goodsPrice != null" >
        goods_price,
      </if>
      <if test="goodsCount != null" >
        goods_count,
      </if>
      <if test="goodsSku != null" >
        goods_sku,
      </if>
      <if test="orderId != null" >
        order_id,
      </if>
    </trim>
    <trim prefix="values (" suffix=")" suffixOverrides="," >
      <if test="id != null" >
        #{id,jdbcType=INTEGER},
      </if>
      <if test="goodsId != null" >
        #{goodsId,jdbcType=INTEGER},
      </if>
      <if test="goodsDesc != null" >
        #{goodsDesc,jdbcType=VARCHAR},
      </if>
      <if test="goodsIcon != null" >
        #{goodsIcon,jdbcType=VARCHAR},
      </if>
      <if test="goodsPrice != null" >
        #{goodsPrice,jdbcType=VARCHAR},
      </if>
      <if test="goodsCount != null" >
        #{goodsCount,jdbcType=INTEGER},
      </if>
      <if test="goodsSku != null" >
        #{goodsSku,jdbcType=VARCHAR},
      </if>
      <if test="orderId != null" >
        #{orderId,jdbcType=INTEGER},
      </if>
    </trim>
  </insert>
  <update id="updateByPrimaryKeySelective" parameterType="com.module.user.model.OrderGoods" >
    update order_goods
    <set >
      <if test="goodsId != null" >
        goods_id = #{goodsId,jdbcType=INTEGER},
      </if>
      <if test="goodsDesc != null" >
        goods_desc = #{goodsDesc,jdbcType=VARCHAR},
      </if>
      <if test="goodsIcon != null" >
        goods_icon = #{goodsIcon,jdbcType=VARCHAR},
      </if>
      <if test="goodsPrice != null" >
        goods_price = #{goodsPrice,jdbcType=VARCHAR},
      </if>
      <if test="goodsCount != null" >
        goods_count = #{goodsCount,jdbcType=INTEGER},
      </if>
      <if test="goodsSku != null" >
        goods_sku = #{goodsSku,jdbcType=VARCHAR},
      </if>
      <if test="orderId != null" >
        order_id = #{orderId,jdbcType=INTEGER},
      </if>
    </set>
    where id = #{id,jdbcType=INTEGER}
  </update>
  <update id="updateByPrimaryKey" parameterType="com.module.user.model.OrderGoods" >
    update order_goods
    set goods_id = #{goodsId,jdbcType=INTEGER},
      goods_desc = #{goodsDesc,jdbcType=VARCHAR},
      goods_icon = #{goodsIcon,jdbcType=VARCHAR},
      goods_price = #{goodsPrice,jdbcType=VARCHAR},
      goods_count = #{goodsCount,jdbcType=INTEGER},
      goods_sku = #{goodsSku,jdbcType=VARCHAR},
      order_id = #{orderId,jdbcType=INTEGER}
    where id = #{id,jdbcType=INTEGER}
  </update>

  <select id="selectGoodsList" resultMap="BaseResultMap" parameterType="java.lang.Integer" >
    select
    <include refid="Base_Column_List" />
    from order_goods
    where order_id = #{orderId}
  </select>
</mapper>