<?xml version="1.0" encoding="UTF-8"?>
<!DOCTYPE generatorConfiguration PUBLIC "-//mybatis.org//DTD MyBatis Generator Configuration 1.0//EN"
        "http://mybatis.org/dtd/mybatis-generator-config_1_0.dtd">
<generatorConfiguration>
    <!-- 数据库驱动包位置 -->
    <classPathEntry location="/Users/musikar/.m2/repository/mysql/mysql-connector-java/5.1.38/mysql-connector-java-5.1.38.jar"/>
    <!-- <classPathEntry location="C:\oracle\product\10.2.0\db_1\jdbc\lib\ojdbc14.jar" />-->
    <context id="DB2Tables" targetRuntime="MyBatis3">
        <commentGenerator>
            <property name="suppressAllComments" value="true"/>
        </commentGenerator>
        <!-- 数据库链接URL、用户名、密码 -->
        <jdbcConnection driverClass="com.mysql.jdbc.Driver" connectionURL="jdbc:mysql://localhost:3306/DaDa?characterEncoding=utf8&amp;useSSL=true"
                        userId="root" password="root">
            <!--<jdbcConnection driverClass="oracle.jdbc.driver.OracleDriver" connectionURL="jdbc:oracle:thin:@localhost:1521:orcl" userId="msa" password="msa">-->
        </jdbcConnection>
        <javaTypeResolver>
            <property name="forceBigDecimals" value="false"/>
        </javaTypeResolver>
        <!-- 生成模型的包名和位置 -->
        <javaModelGenerator targetPackage="com.module.user.model" targetProject="src/main/java">
            <property name="enableSubPackages" value="true"/>
            <property name="trimStrings" value="true"/>
        </javaModelGenerator>
        <!-- 生成的映射文件包名和位置 -->
        <sqlMapGenerator targetPackage="mybatis" targetProject="src/main/resources">
            <property name="enableSubPackages" value="true"/>
        </sqlMapGenerator>
        <!-- 生成DAO的包名和位置 -->
        <javaClientGenerator type="XMLMAPPER" targetPackage="com.module.user.dao" targetProject="src/main/java">
            <property name="enableSubPackages" value="true"/>
        </javaClientGenerator>
        <!-- 要生成那些表(更改tableName和domainObjectName就可以) -->
        <!--<table tableName="user_info" domainObjectName="UserInfo" enableCountByExample="false"-->
               <!--enableUpdateByExample="false" enableDeleteByExample="false" enableSelectByExample="false"-->
               <!--selectByExampleQueryId="false"/>-->
        <table tableName="message_info" domainObjectName="MessageInfo" enableCountByExample="false"
               enableUpdateByExample="false" enableDeleteByExample="false" enableSelectByExample="false"
               selectByExampleQueryId="false"/>
    </context>
</generatorConfiguration>